<code_scheme name="DefaultCustomized" version="173">
  <option name="WRAP_WHEN_TYPING_REACHES_RIGHT_MARGIN" value="true" />
  <option name="FORMATTER_TAGS_ENABLED" value="true" />
  <option name="FORMATTER_TAGS_ACCEPT_REGEXP" value="true" />
  <option name="SOFT_MARGINS" value="80" />
  <DB2CodeStyleSettings version="2">
    <option name="KEYWORD_CASE" value="0" />
    <option name="QUERY_SECTION_1ST_WORD_ALIGN" value="0" />
    <option name="QUERY_EL_LINE" value="0" />
    <option name="QUERY_IN_ONE_STRING" value="0" />
    <option name="QUERY_ALIGN_ELEMENTS" value="false" />
    <option name="INSERT_VALUES_EL_LINE" value="1" />
    <option name="SET_EL_WRAP" value="2" />
    <option name="SELECT_KEEP_N_ITEMS_IN_LINE" value="0" />
    <option name="FROM_EL_LINE" value="0" />
    <option name="FROM_EL_WRAP" value="3" />
    <option name="IMP_COMMON_KEEP_BLANK_LINES_IN_CODE" value="1" />
    <option name="IMP_DECLARE_ALIGN_TYPE" value="false" />
    <option name="IMP_DECLARE_ALIGN_EQ" value="false" />
    <option name="CORTEGE_SPACE_AFTER_COMMA" value="false" />
    <option name="EXPR_SPACE_AROUND_OPERATOR" value="2" />
    <option name="EXPR_BINARY_OP_ALIGN" value="false" />
    <option name="EXPR_CALL_SPACE_AFTER_COMMA" value="false" />
  </DB2CodeStyleSettings>
  <DerbyCodeStyleSettings version="2">
    <option name="TABLE_COLLAPSE" value="true" />
    <option name="IMP_DECLARE_ALIGN_TYPE" value="false" />
    <option name="CORTEGE_SPACE_BEFORE_L_PAREN" value="false" />
    <option name="EXPR_SPACE_AROUND_OPERATOR" value="2" />
  </DerbyCodeStyleSettings>
  <H2CodeStyleSettings version="2">
    <option name="TABLE_COLLAPSE" value="true" />
    <option name="CORTEGE_SPACE_BEFORE_L_PAREN" value="false" />
    <option name="EXPR_SPACE_AROUND_OPERATOR" value="2" />
  </H2CodeStyleSettings>
  <HSQLCodeStyleSettings version="2">
    <option name="TABLE_COLLAPSE" value="true" />
    <option name="CORTEGE_SPACE_BEFORE_L_PAREN" value="false" />
    <option name="EXPR_SPACE_AROUND_OPERATOR" value="2" />
  </HSQLCodeStyleSettings>
  <JetCodeStyleSettings>
    <option name="CONTINUATION_INDENT_FOR_CHAINED_CALLS" value="false" />
  </JetCodeStyleSettings>
  <MSSQLCodeStyleSettings version="2">
    <option name="TABLE_COLLAPSE" value="true" />
    <option name="IMP_DECLARE_ALIGN_TYPE" value="false" />
    <option name="CORTEGE_SPACE_BEFORE_L_PAREN" value="false" />
    <option name="EXPR_SPACE_AROUND_OPERATOR" value="2" />
  </MSSQLCodeStyleSettings>
  <MySQLCodeStyleSettings version="2">
    <option name="TABLE_COLLAPSE" value="true" />
    <option name="CORTEGE_SPACE_BEFORE_L_PAREN" value="false" />
    <option name="EXPR_SPACE_AROUND_OPERATOR" value="2" />
  </MySQLCodeStyleSettings>
  <OracleCodeStyleSettings version="2">
    <option name="TABLE_COLLAPSE" value="true" />
    <option name="IMP_DECLARE_ALIGN_TYPE" value="false" />
    <option name="CORTEGE_SPACE_BEFORE_L_PAREN" value="false" />
    <option name="EXPR_SPACE_AROUND_OPERATOR" value="2" />
  </OracleCodeStyleSettings>
  <PostgresCodeStyleSettings version="2">
    <option name="TABLE_COLLAPSE" value="true" />
    <option name="IMP_DECLARE_ALIGN_TYPE" value="false" />
    <option name="CORTEGE_SPACE_BEFORE_L_PAREN" value="false" />
    <option name="EXPR_SPACE_AROUND_OPERATOR" value="2" />
  </PostgresCodeStyleSettings>
  <SQLiteCodeStyleSettings version="2">
    <option name="TABLE_COLLAPSE" value="true" />
    <option name="CORTEGE_SPACE_BEFORE_L_PAREN" value="false" />
    <option name="EXPR_SPACE_AROUND_OPERATOR" value="2" />
  </SQLiteCodeStyleSettings>
  <SqlCodeStyleSettings version="2">
    <option name="QUERY_SECTION_1ST_WORD_ALIGN" value="0" />
    <option name="INSERT_INTO_NL" value="2" />
    <option name="INSERT_VALUES_EL_LINE" value="101" />
    <option name="SELECT_EL_WRAP" value="3" />
    <option name="TABLE_COLLAPSE" value="true" />
    <option name="IMP_DECLARE_ALIGN_TYPE" value="false" />
    <option name="CORTEGE_SPACE_BEFORE_L_PAREN" value="false" />
    <option name="CORTEGE_SPACE_AFTER_COMMA" value="false" />
    <option name="EXPR_SPACE_AROUND_OPERATOR" value="2" />
    <option name="EXPR_BINARY_OP_ALIGN" value="false" />
  </SqlCodeStyleSettings>
  <SybaseCodeStyleSettings version="2">
    <option name="TABLE_COLLAPSE" value="true" />
    <option name="IMP_DECLARE_ALIGN_TYPE" value="false" />
    <option name="CORTEGE_SPACE_BEFORE_L_PAREN" value="false" />
    <option name="EXPR_SPACE_AROUND_OPERATOR" value="2" />
  </SybaseCodeStyleSettings>
  <codeStyleSettings language="DB2">
    <indentOptions>
      <option name="INDENT_SIZE" value="1" />
      <option name="CONTINUATION_INDENT_SIZE" value="0" />
      <option name="TAB_SIZE" value="1" />
      <option name="USE_TAB_CHARACTER" value="true" />
    </indentOptions>
  </codeStyleSettings>
  <codeStyleSettings language="Derby">
    <indentOptions>
      <option name="CONTINUATION_INDENT_SIZE" value="4" />
    </indentOptions>
  </codeStyleSettings>
  <codeStyleSettings language="H2">
    <indentOptions>
      <option name="CONTINUATION_INDENT_SIZE" value="4" />
    </indentOptions>
  </codeStyleSettings>
  <codeStyleSettings language="HSQLDB">
    <indentOptions>
      <option name="CONTINUATION_INDENT_SIZE" value="4" />
    </indentOptions>
  </codeStyleSettings>
  <codeStyleSettings language="JAVA">
    <option name="KEEP_LINE_BREAKS" value="false" />
    <option name="KEEP_FIRST_COLUMN_COMMENT" value="false" />
    <option name="WHILE_ON_NEW_LINE" value="true" />
    <option name="ALIGN_MULTILINE_CHAINED_METHODS" value="true" />
    <option name="ALIGN_MULTILINE_PARAMETERS" value="false" />
    <option name="ALIGN_MULTILINE_PARAMETERS_IN_CALLS" value="true" />
    <option name="ALIGN_MULTILINE_BINARY_OPERATION" value="true" />
    <option name="ALIGN_MULTILINE_TERNARY_OPERATION" value="true" />
    <option name="ALIGN_MULTILINE_METHOD_BRACKETS" value="true" />
    <option name="CALL_PARAMETERS_WRAP" value="1" />
    <option name="METHOD_PARAMETERS_WRAP" value="1" />
    <option name="RESOURCE_LIST_WRAP" value="1" />
    <option name="METHOD_CALL_CHAIN_WRAP" value="2" />
    <option name="BINARY_OPERATION_WRAP" value="1" />
    <option name="KEEP_SIMPLE_BLOCKS_IN_ONE_LINE" value="true" />
    <option name="KEEP_SIMPLE_METHODS_IN_ONE_LINE" value="true" />
    <option name="KEEP_SIMPLE_LAMBDAS_IN_ONE_LINE" value="true" />
    <option name="KEEP_SIMPLE_CLASSES_IN_ONE_LINE" value="true" />
    <option name="ARRAY_INITIALIZER_LBRACE_ON_NEXT_LINE" value="true" />
    <option name="IF_BRACE_FORCE" value="3" />
    <option name="DOWHILE_BRACE_FORCE" value="3" />
    <option name="WHILE_BRACE_FORCE" value="3" />
    <option name="FOR_BRACE_FORCE" value="3" />
    <option name="WRAP_LONG_LINES" value="true" />
    <indentOptions>
      <option name="CONTINUATION_INDENT_SIZE" value="4" />
    </indentOptions>
  </codeStyleSettings>
  <codeStyleSettings language="MySQL">
    <indentOptions>
      <option name="CONTINUATION_INDENT_SIZE" value="4" />
    </indentOptions>
  </codeStyleSettings>
  <codeStyleSettings language="Oracle">
    <indentOptions>
      <option name="CONTINUATION_INDENT_SIZE" value="4" />
    </indentOptions>
  </codeStyleSettings>
  <codeStyleSettings language="PostgreSQL">
    <indentOptions>
      <option name="CONTINUATION_INDENT_SIZE" value="4" />
    </indentOptions>
  </codeStyleSettings>
  <codeStyleSettings language="SQL">
    <indentOptions>
      <option name="CONTINUATION_INDENT_SIZE" value="4" />
    </indentOptions>
  </codeStyleSettings>
  <codeStyleSettings language="SQLite">
    <indentOptions>
      <option name="CONTINUATION_INDENT_SIZE" value="4" />
    </indentOptions>
  </codeStyleSettings>
  <codeStyleSettings language="Sybase">
    <indentOptions>
      <option name="CONTINUATION_INDENT_SIZE" value="4" />
    </indentOptions>
  </codeStyleSettings>
  <codeStyleSettings language="TSQL">
    <indentOptions>
      <option name="CONTINUATION_INDENT_SIZE" value="4" />
    </indentOptions>
  </codeStyleSettings>
  <codeStyleSettings language="XML">
    <indentOptions>
      <option name="CONTINUATION_INDENT_SIZE" value="4" />
      <option name="TAB_SIZE" value="2" />
    </indentOptions>
  </codeStyleSettings>
  <codeStyleSettings language="kotlin">
    <option name="ALIGN_MULTILINE_PARAMETERS_IN_CALLS" value="true" />
    <option name="METHOD_CALL_CHAIN_WRAP" value="5" />
  </codeStyleSettings>
</code_scheme>