<keymap version="1" name="Default copy" parent="$default">
  <action id="ActivateDatabaseToolWindow">
    <keyboard-shortcut first-keystroke="alt d" />
  </action>
  <action id="ChangesView.Diff" />
  <action id="CloseAllEditors">
    <keyboard-shortcut first-keystroke="shift ctrl w" />
  </action>
  <action id="CloseAllEditorsButActive">
    <keyboard-shortcut first-keystroke="ctrl alt w" />
  </action>
  <action id="CloseContent">
    <keyboard-shortcut first-keystroke="ctrl w" />
  </action>
  <action id="CompareTwoFiles" />
  <action id="Console.TableResult.DeleteRows">
    <keyboard-shortcut first-keystroke="ctrl d" />
  </action>
  <action id="Diff.ShowDiff">
    <keyboard-shortcut first-keystroke="shift ctrl d" />
  </action>
  <action id="Django.RunManageTaskAction" />
  <action id="EditorDeleteLine">
    <keyboard-shortcut first-keystroke="ctrl d" />
  </action>
  <action id="EditorDuplicate">
    <keyboard-shortcut first-keystroke="ctrl y" />
  </action>
  <action id="EditorGutterToggleGlobalIndentLines">
    <keyboard-shortcut first-keystroke="alt g" />
  </action>
  <action id="EditorSelectWord" />
  <action id="EvaluateExpression">
    <keyboard-shortcut first-keystroke="alt f8" />
    <keyboard-shortcut first-keystroke="alt e" />
  </action>
  <action id="FileChooser.GotoDesktop" />
  <action id="Gradle.ExecuteTask">
    <keyboard-shortcut first-keystroke="shift ctrl x" />
  </action>
  <action id="Images.SetBackgroundImage">
    <keyboard-shortcut first-keystroke="alt b" />
  </action>
  <action id="JumpToLastWindow" />
  <action id="Kotlin.RunScratch" />
  <action id="Macro.ref_opt_rear">
    <keyboard-shortcut first-keystroke="alt r" />
  </action>
  <action id="Maven.ExecuteGoal">
    <keyboard-shortcut first-keystroke="shift alt x" />
  </action>
  <action id="RearrangeCode">
    <keyboard-shortcut first-keystroke="ctrl alt r" />
  </action>
  <action id="Scala.ShowImplicits">
    <keyboard-shortcut first-keystroke="shift ctrl alt equals" />
    <keyboard-shortcut first-keystroke="shift ctrl alt add" />
  </action>
  <action id="SendEOF" />
  <action id="ShowLiveRunConfigurations">
    <keyboard-shortcut first-keystroke="ctrl alt back_slash" />
  </action>
  <action id="SplitHorizontally">
    <keyboard-shortcut first-keystroke="shift alt h" />
  </action>
  <action id="SplitVertically">
    <keyboard-shortcut first-keystroke="shift alt v" />
  </action>
  <action id="StringManipulation.ToHyphenCaseAction">
    <keyboard-shortcut first-keystroke="alt c" />
  </action>
  <action id="ToggleDistractionFreeMode">
    <keyboard-shortcut first-keystroke="f12" />
  </action>
  <action id="TogglePresentationMode">
    <keyboard-shortcut first-keystroke="f10" />
  </action>
  <action id="Vcs.Log.ShowDiffPreview">
    <keyboard-shortcut first-keystroke="shift ctrl d" />
  </action>
  <action id="context.clear">
    <keyboard-shortcut first-keystroke="shift alt z" />
  </action>
  <action id="openAssertEqualsDiff" />
  <action id="osmedile.intellij.stringmanip.WordsAndCamelToConstantStyleCaseAction">
    <keyboard-shortcut first-keystroke="alt t" />
  </action>
</keymap>